ticker,period_end,freq,revenue,cost_of_revenue,gross_profit,operating_income,ebit,net_income,research_development,interest_expense,eps_diluted,shares_diluted,total_assets,total_liabilities,stockholder_equity,cash,short_term_investments,long_term_debt,total_debt,shares_outstanding,cfo,capex,fcf,depreciation,stock_based_compensation,source,as_of_date,id,created_date,updated_date,created_by_id,created_by,is_sample
"ADBE","2021-11-30","annual","15785000000","","","","0","4822000000","","","","","","","","","","","","","","","","","","yahoo","2025-10-06","68e3aec5c48369164549dab8","2025-10-06T11:57:57.683000","2025-10-06T11:57:57.683000","service_219ddb3d-6563-48e9-aeba-a0667aa26036","service+219ddb3d-6563-48e9-aeba-a0667aa26036@no-reply.base44.com","false"
"ADBE","2022-11-30","annual","17606000000","","","","0","4756000000","","","","","","","","","","","","","","","","","","yahoo","2025-10-06","68e3aec5f7f0b84fafec1f67","2025-10-06T11:57:57.351000","2025-10-06T11:57:57.351000","service_219ddb3d-6563-48e9-aeba-a0667aa26036","service+219ddb3d-6563-48e9-aeba-a0667aa26036@no-reply.base44.com","false"
"ADBE","2023-11-30","annual","19409000000","","","","0","5428000000","","","","","","","","","","","","","","","","","","yahoo","2025-10-06","68e3aec42048bae1ba4ff711","2025-10-06T11:57:56.994000","2025-10-06T11:57:56.994000","service_219ddb3d-6563-48e9-aeba-a0667aa26036","service+219ddb3d-6563-48e9-aeba-a0667aa26036@no-reply.base44.com","false"
"ADBE","2024-11-30","annual","21505000000","","","","0","5560000000","","","","","","","","","","","","","","","","","","yahoo","2025-10-06","68e3aec4c1e9de12784e810a","2025-10-06T11:57:56.692000","2025-10-06T11:57:56.692000","service_219ddb3d-6563-48e9-aeba-a0667aa26036","service+219ddb3d-6563-48e9-aeba-a0667aa26036@no-reply.base44.com","false"
"ADBE","2024-11-30","quarterly","5606000000","","","","0","1683000000","","","","","","","","","","","","","","","","","","yahoo","2025-10-06","68e3aec4e4c63ca62583d364","2025-10-06T11:57:56.391000","2025-10-06T11:57:56.391000","service_219ddb3d-6563-48e9-aeba-a0667aa26036","service+219ddb3d-6563-48e9-aeba-a0667aa26036@no-reply.base44.com","false"
"ADBE","2025-02-28","quarterly","5714000000","","","","0","1811000000","","","","","","","","","","","","","","","","","","yahoo","2025-10-06","68e3aec3ed8347acfe3cc4d9","2025-10-06T11:57:55.986000","2025-10-06T11:57:55.986000","service_219ddb3d-6563-48e9-aeba-a0667aa26036","service+219ddb3d-6563-48e9-aeba-a0667aa26036@no-reply.base44.com","false"
"ADBE","2025-05-31","quarterly","5873000000","","","","0","1691000000","","","","","","","","","","","","","","","","","","yahoo","2025-10-06","68e3aec3f1c1381a99b99c75","2025-10-06T11:57:55.660000","2025-10-06T11:57:55.660000","service_219ddb3d-6563-48e9-aeba-a0667aa26036","service+219ddb3d-6563-48e9-aeba-a0667aa26036@no-reply.base44.com","false"
"ADBE","2025-08-31","quarterly","5988000000","","","","0","1772000000","","","","","","","","","","","","","","","","","","yahoo","2025-10-06","68e3aec37dda8dde9c720a70","2025-10-06T11:57:55.350000","2025-10-06T11:57:55.350000","service_219ddb3d-6563-48e9-aeba-a0667aa26036","service+219ddb3d-6563-48e9-aeba-a0667aa26036@no-reply.base44.com","false"
"AMZN","2021-12-31","annual","469822000000","","","","0","33364000000","","","","","","","","","","","","","","","","","","yahoo","2025-10-06","68d50d888c58923fecd0f7db","2025-09-25T09:38:16.834000","2025-10-06T11:00:58.608000","service_219ddb3d-6563-48e9-aeba-a0667aa26036","service+219ddb3d-6563-48e9-aeba-a0667aa26036@no-reply.base44.com","false"
"AMZN","2022-12-31","annual","513983000000","","","","0","-2722000000","","","","","","","","","","","","","","","","","","yahoo","2025-10-06","68d50d88b8f3039214e88ad6","2025-09-25T09:38:16.458000","2025-10-06T11:00:58.296000","service_219ddb3d-6563-48e9-aeba-a0667aa26036","service+219ddb3d-6563-48e9-aeba-a0667aa26036@no-reply.base44.com","false"
"AMZN","2023-12-31","annual","574785000000","","","","0","30425000000","","","","","","","","","","","","","","","","","","yahoo","2025-10-06","68d50d88595d3d1b7c81167c","2025-09-25T09:38:16.054000","2025-10-06T11:00:57.899000","service_219ddb3d-6563-48e9-aeba-a0667aa26036","service+219ddb3d-6563-48e9-aeba-a0667aa26036@no-reply.base44.com","false"
"AMZN","2024-12-31","annual","637959000000","","","","0","59248000000","","","","","","","","","","","","","","","","","","yahoo","2025-10-06","68d50d87e75761347a084518","2025-09-25T09:38:15.647000","2025-10-06T11:00:57.522000","service_219ddb3d-6563-48e9-aeba-a0667aa26036","service+219ddb3d-6563-48e9-aeba-a0667aa26036@no-reply.base44.com","false"
"AMZN","2024-09-30","quarterly","158877000000","","","","0","15328000000","","","","","","","","","","","","","","","","","","yahoo","2025-10-06","68d50d879c839143345c8b5a","2025-09-25T09:38:15.316000","2025-10-06T11:00:57.086000","service_219ddb3d-6563-48e9-aeba-a0667aa26036","service+219ddb3d-6563-48e9-aeba-a0667aa26036@no-reply.base44.com","false"
"AMZN","2024-12-31","quarterly","187792000000","","","","0","20004000000","","","","","","","","","","","","","","","","","","yahoo","2025-10-06","68d50d8664b775417fc94ba0","2025-09-25T09:38:14.995000","2025-10-06T11:00:56.759000","service_219ddb3d-6563-48e9-aeba-a0667aa26036","service+219ddb3d-6563-48e9-aeba-a0667aa26036@no-reply.base44.com","false"
"AMZN","2025-03-31","quarterly","155667000000","","","","0","17127000000","","","","","","","","","","","","","","","","","","yahoo","2025-10-06","68d50d868c58923fecd0f7cd","2025-09-25T09:38:14.574000","2025-10-06T11:00:56.427000","service_219ddb3d-6563-48e9-aeba-a0667aa26036","service+219ddb3d-6563-48e9-aeba-a0667aa26036@no-reply.base44.com","false"
"AMZN","2025-06-30","quarterly","167702000000","","","","0","18164000000","","","","","","","","","","","","","","","","","","yahoo","2025-10-06","68d50d86b1974660a4eb19cf","2025-09-25T09:38:14.266000","2025-10-06T11:00:56.123000","service_219ddb3d-6563-48e9-aeba-a0667aa26036","service+219ddb3d-6563-48e9-aeba-a0667aa26036@no-reply.base44.com","false"
"BA","2021-12-31","annual","62286000000","","","","0","-4202000000","","","","","","","","","","","","","","","","","","yahoo","2025-09-09","68bfe1d4442f7f0d2eeb86cf","2025-09-09T08:14:12.836000","2025-09-09T08:14:12.836000","service_219ddb3d-6563-48e9-aeba-a0667aa26036","service+219ddb3d-6563-48e9-aeba-a0667aa26036@no-reply.base44.com","false"
"BA","2022-12-31","annual","66608000000","","","","0","-4935000000","","","","","","","","","","","","","","","","","","yahoo","2025-09-09","68bfe1d4c0543fa4b940062c","2025-09-09T08:14:12.545000","2025-09-09T08:14:12.545000","service_219ddb3d-6563-48e9-aeba-a0667aa26036","service+219ddb3d-6563-48e9-aeba-a0667aa26036@no-reply.base44.com","false"
"BA","2023-12-31","annual","77794000000","","","","0","-2222000000","","","","","","","","","","","","","","","","","","yahoo","2025-09-09","68bfe1d4ab512869c2fae1e8","2025-09-09T08:14:12.173000","2025-09-09T08:14:12.173000","service_219ddb3d-6563-48e9-aeba-a0667aa26036","service+219ddb3d-6563-48e9-aeba-a0667aa26036@no-reply.base44.com","false"
"BA","2024-12-31","annual","66517000000","","","","0","-11817000000","","","","","","","","","","","","","","","","","","yahoo","2025-09-09","68bfe1d3da75c1d68062c051","2025-09-09T08:14:11.831000","2025-09-09T08:14:11.831000","service_219ddb3d-6563-48e9-aeba-a0667aa26036","service+219ddb3d-6563-48e9-aeba-a0667aa26036@no-reply.base44.com","false"
"BA","2024-09-30","quarterly","17840000000","","","","0","-6170000000","","","","","","","","","","","","","","","","","","yahoo","2025-09-09","68bfe1d3ffd6e3f09114ee40","2025-09-09T08:14:11.521000","2025-09-09T08:14:11.521000","service_219ddb3d-6563-48e9-aeba-a0667aa26036","service+219ddb3d-6563-48e9-aeba-a0667aa26036@no-reply.base44.com","false"
"BA","2024-12-31","quarterly","15242000000","","","","0","-3865000000","","","","","","","","","","","","","","","","","","yahoo","2025-09-09","68bfe1d306ac6e2beb4c5088","2025-09-09T08:14:11.239000","2025-09-09T08:14:11.239000","service_219ddb3d-6563-48e9-aeba-a0667aa26036","service+219ddb3d-6563-48e9-aeba-a0667aa26036@no-reply.base44.com","false"
"BA","2025-03-31","quarterly","19496000000","","","","0","-123000000","","","","","","","","","","","","","","","","","","yahoo","2025-09-09","68bfe1d221a3ee41b2688215","2025-09-09T08:14:10.898000","2025-09-09T08:14:10.898000","service_219ddb3d-6563-48e9-aeba-a0667aa26036","service+219ddb3d-6563-48e9-aeba-a0667aa26036@no-reply.base44.com","false"
"BA","2025-06-30","quarterly","22749000000","","","","0","-697000000","","","","","","","","","","","","","","","","","","yahoo","2025-09-09","68bfe1d296fc23dd420a72a6","2025-09-09T08:14:10.575000","2025-09-09T08:14:10.575000","service_219ddb3d-6563-48e9-aeba-a0667aa26036","service+219ddb3d-6563-48e9-aeba-a0667aa26036@no-reply.base44.com","false"
"BLK","2021-12-31","annual","19374000000","","","","0","5901000000","","","","","","","","","","","","","","","","","","yahoo","2025-09-03","68b85f95f9d82e8ffe24fac8","2025-09-03T15:32:37.666000","2025-09-03T15:32:37.666000","service_219ddb3d-6563-48e9-aeba-a0667aa26036","service+219ddb3d-6563-48e9-aeba-a0667aa26036@no-reply.base44.com","false"
"BLK","2022-12-31","annual","17873000000","","","","0","5178000000","","","","","","","","","","","","","","","","","","yahoo","2025-09-03","68b85f95e96d7492cd755324","2025-09-03T15:32:37.294000","2025-09-03T15:32:37.294000","service_219ddb3d-6563-48e9-aeba-a0667aa26036","service+219ddb3d-6563-48e9-aeba-a0667aa26036@no-reply.base44.com","false"
"BLK","2023-12-31","annual","17859000000","","","","0","5502000000","","","","","","","","","","","","","","","","","","yahoo","2025-09-03","68b85f942b0d3adcabc16128","2025-09-03T15:32:36.812000","2025-09-03T15:32:36.812000","service_219ddb3d-6563-48e9-aeba-a0667aa26036","service+219ddb3d-6563-48e9-aeba-a0667aa26036@no-reply.base44.com","false"
"BLK","2024-12-31","annual","20407000000","","","","0","6369000000","","","","","","","","","","","","","","","","","","yahoo","2025-09-03","68b85f947f7591f7c123e684","2025-09-03T15:32:36.418000","2025-09-03T15:32:36.418000","service_219ddb3d-6563-48e9-aeba-a0667aa26036","service+219ddb3d-6563-48e9-aeba-a0667aa26036@no-reply.base44.com","false"
"BLK","2024-06-30","quarterly","4805000000","","","","0","1495000000","","","","","","","","","","","","","","","","","","yahoo","2025-09-03","68b85f93a7a988e1e4f67865","2025-09-03T15:32:35.943000","2025-09-03T15:32:35.943000","service_219ddb3d-6563-48e9-aeba-a0667aa26036","service+219ddb3d-6563-48e9-aeba-a0667aa26036@no-reply.base44.com","false"
"BLK","2024-09-30","quarterly","5197000000","","","","0","1631000000","","","","","","","","","","","","","","","","","","yahoo","2025-09-03","68b85f9311615aa8ed38e9a6","2025-09-03T15:32:35.595000","2025-09-03T15:32:35.595000","service_219ddb3d-6563-48e9-aeba-a0667aa26036","service+219ddb3d-6563-48e9-aeba-a0667aa26036@no-reply.base44.com","false"
"BLK","2024-12-31","quarterly","5677000000","","","","0","1670000000","","","","","","","","","","","","","","","","","","yahoo","2025-09-03","68b85f9349903de8d3339c77","2025-09-03T15:32:35.073000","2025-09-03T15:32:35.073000","service_219ddb3d-6563-48e9-aeba-a0667aa26036","service+219ddb3d-6563-48e9-aeba-a0667aa26036@no-reply.base44.com","false"
"BLK","2025-03-31","quarterly","5276000000","","","","0","1510000000","","","","","","","","","","","","","","","","","","yahoo","2025-09-03","68b85f923fe34784d41a9cb4","2025-09-03T15:32:34.628000","2025-09-03T15:32:34.628000","service_219ddb3d-6563-48e9-aeba-a0667aa26036","service+219ddb3d-6563-48e9-aeba-a0667aa26036@no-reply.base44.com","false"
"MSFT","2022-06-30","annual","198270000000","","","","0","72738000000","","","","","","","","","","","","","","","","","","yahoo","2025-09-09","68b7340f2d4e62d1d39f695c","2025-09-02T18:14:39.849000","2025-09-09T08:18:48.677000","service_219ddb3d-6563-48e9-aeba-a0667aa26036","service+219ddb3d-6563-48e9-aeba-a0667aa26036@no-reply.base44.com","false"
"MSFT","2023-06-30","annual","211915000000","","","","0","72361000000","","","","","","","","","","","","","","","","","","yahoo","2025-09-09","68b7340f9e5e537c52ea0813","2025-09-02T18:14:39.546000","2025-09-09T08:18:48.376000","service_219ddb3d-6563-48e9-aeba-a0667aa26036","service+219ddb3d-6563-48e9-aeba-a0667aa26036@no-reply.base44.com","false"
"MSFT","2024-06-30","annual","245122000000","","","","0","88136000000","","","","","","","","","","","","","","","","","","yahoo","2025-09-09","68b7340f4681b3ad8291d206","2025-09-02T18:14:39.123000","2025-09-09T08:18:47.985000","service_219ddb3d-6563-48e9-aeba-a0667aa26036","service+219ddb3d-6563-48e9-aeba-a0667aa26036@no-reply.base44.com","false"
"MSFT","2025-06-30","annual","281724000000","","","","0","101832000000","","","","","","","","","","","","","","","","","","yahoo","2025-09-09","68b7340e707fabeccb6d1c4c","2025-09-02T18:14:38.734000","2025-09-09T08:18:47.659000","service_219ddb3d-6563-48e9-aeba-a0667aa26036","service+219ddb3d-6563-48e9-aeba-a0667aa26036@no-reply.base44.com","false"
"PAYC","2025-06-30","quarterly","483600000","","","","0","89500000","","","","","","","","","","","","","","","","","","yahoo","2025-09-02","68b725de466142b5eabddf0f","2025-09-02T17:14:06.663000","2025-09-02T17:14:06.663000","service_219ddb3d-6563-48e9-aeba-a0667aa26036","service+219ddb3d-6563-48e9-aeba-a0667aa26036@no-reply.base44.com","false"
"PAYC","2025-03-31","quarterly","530500000","","","","0","139400000","","","","","","","","","","","","","","","","","","yahoo","2025-09-02","68b725de2d4e62d1d39f2f6e","2025-09-02T17:14:06.283000","2025-09-02T17:14:06.283000","service_219ddb3d-6563-48e9-aeba-a0667aa26036","service+219ddb3d-6563-48e9-aeba-a0667aa26036@no-reply.base44.com","false"
"PAYC","2024-12-31","quarterly","493800000","","","","0","113600000","","","","","","","","","","","","","","","","","","yahoo","2025-09-02","68b725dd5f31eb26b4995068","2025-09-02T17:14:05.808000","2025-09-02T17:14:05.808000","service_219ddb3d-6563-48e9-aeba-a0667aa26036","service+219ddb3d-6563-48e9-aeba-a0667aa26036@no-reply.base44.com","false"
"PAYC","2024-09-30","quarterly","451934000","","","","0","73278000","","","","","","","","","","","","","","","","","","yahoo","2025-09-02","68b725dda565d72a3ef4b6e1","2025-09-02T17:14:05.447000","2025-09-02T17:14:05.447000","service_219ddb3d-6563-48e9-aeba-a0667aa26036","service+219ddb3d-6563-48e9-aeba-a0667aa26036@no-reply.base44.com","false"
"GOOG","2025-06-30","quarterly","96428000000","","","","0","28196000000","","","","","","","","","","","","","","","","","","yahoo","2025-09-02","68b724cdb4e2c92438df43f6","2025-09-02T17:09:33.253000","2025-09-02T17:09:33.253000","service_219ddb3d-6563-48e9-aeba-a0667aa26036","service+219ddb3d-6563-48e9-aeba-a0667aa26036@no-reply.base44.com","false"
"GOOG","2025-03-31","quarterly","90234000000","","","","0","34540000000","","","","","","","","","","","","","","","","","","yahoo","2025-09-02","68b724cc35e1fe20b944632a","2025-09-02T17:09:32.878000","2025-09-02T17:09:32.878000","service_219ddb3d-6563-48e9-aeba-a0667aa26036","service+219ddb3d-6563-48e9-aeba-a0667aa26036@no-reply.base44.com","false"
"GOOG","2024-12-31","quarterly","96469000000","","","","0","26536000000","","","","","","","","","","","","","","","","","","yahoo","2025-09-02","68b724cc32fa2c5ebb4560e4","2025-09-02T17:09:32.539000","2025-09-02T17:09:32.539000","service_219ddb3d-6563-48e9-aeba-a0667aa26036","service+219ddb3d-6563-48e9-aeba-a0667aa26036@no-reply.base44.com","false"
"GOOG","2024-09-30","quarterly","88268000000","","","","0","26301000000","","","","","","","","","","","","","","","","","","yahoo","2025-09-02","68b724cc5c7f76992f816f12","2025-09-02T17:09:32.211000","2025-09-02T17:09:32.211000","service_219ddb3d-6563-48e9-aeba-a0667aa26036","service+219ddb3d-6563-48e9-aeba-a0667aa26036@no-reply.base44.com","false"
"ASML","2025-03-31","quarterly","7742000000","","","","0","2355000000","","","","","","","","","","","","","","","","","","yahoo","2025-09-02","68b723d72d4e62d1d39f1cf9","2025-09-02T17:05:27.320000","2025-09-02T17:05:57.991000","service_219ddb3d-6563-48e9-aeba-a0667aa26036","service+219ddb3d-6563-48e9-aeba-a0667aa26036@no-reply.base44.com","false"
"ASML","2024-12-31","quarterly","9262800000","","","","0","2693400000","","","","","","","","","","","","","","","","","","yahoo","2025-09-02","68b723d796cc532f309b4165","2025-09-02T17:05:27.002000","2025-09-02T17:05:57.656000","service_219ddb3d-6563-48e9-aeba-a0667aa26036","service+219ddb3d-6563-48e9-aeba-a0667aa26036@no-reply.base44.com","false"
"ASML","2024-09-30","quarterly","7467300000","","","","0","2076500000","","","","","","","","","","","","","","","","","","yahoo","2025-09-02","68b723d63d25bd1549f6d72e","2025-09-02T17:05:26.695000","2025-09-02T17:05:57.278000","service_219ddb3d-6563-48e9-aeba-a0667aa26036","service+219ddb3d-6563-48e9-aeba-a0667aa26036@no-reply.base44.com","false"
"ASML","2024-06-30","quarterly","6243000000","","","","0","1577900000","","","","","","","","","","","","","","","","","","yahoo","2025-09-02","68b723d658775fcc8067f5da","2025-09-02T17:05:26.275000","2025-09-02T17:05:56.929000","service_219ddb3d-6563-48e9-aeba-a0667aa26036","service+219ddb3d-6563-48e9-aeba-a0667aa26036@no-reply.base44.com","false"
"CRM","2025-04-30","quarterly","9829000000","","","","0","1541000000","","","","","","","","","","","","","","","","","","yahoo","2025-09-02","68b721a8dc55d4fa0de465d9","2025-09-02T16:56:08.314000","2025-09-02T16:56:45.783000","service_219ddb3d-6563-48e9-aeba-a0667aa26036","service+219ddb3d-6563-48e9-aeba-a0667aa26036@no-reply.base44.com","false"
"CRM","2025-01-31","quarterly","9993000000","","","","0","1708000000","","","","","","","","","","","","","","","","","","yahoo","2025-09-02","68b721a708437d993c2daa8d","2025-09-02T16:56:07.993000","2025-09-02T16:56:45.316000","service_219ddb3d-6563-48e9-aeba-a0667aa26036","service+219ddb3d-6563-48e9-aeba-a0667aa26036@no-reply.base44.com","false"
"CRM","2024-10-31","quarterly","9444000000","","","","0","1527000000","","","","","","","","","","","","","","","","","","yahoo","2025-09-02","68b721a71deaa920eb25d6ff","2025-09-02T16:56:07.626000","2025-09-02T16:56:44.944000","service_219ddb3d-6563-48e9-aeba-a0667aa26036","service+219ddb3d-6563-48e9-aeba-a0667aa26036@no-reply.base44.com","false"
"CRM","2024-07-31","quarterly","9325000000","","","","0","1429000000","","","","","","","","","","","","","","","","","","yahoo","2025-09-02","68b721a778753f9f0eb3ed3d","2025-09-02T16:56:07.285000","2025-09-02T16:56:44.515000","service_219ddb3d-6563-48e9-aeba-a0667aa26036","service+219ddb3d-6563-48e9-aeba-a0667aa26036@no-reply.base44.com","false"
"MSFT","2025-06-30","quarterly","76441000000","","","","0","27233000000","","","","","","","","","","","","","","","","","","yahoo","2025-09-09","68b6e91629d1be0ea8d0ac9e","2025-09-02T12:54:46.994000","2025-09-09T08:18:46.239000","service_219ddb3d-6563-48e9-aeba-a0667aa26036","service+219ddb3d-6563-48e9-aeba-a0667aa26036@no-reply.base44.com","false"
"MSFT","2025-03-31","quarterly","70066000000","","","","0","25824000000","","","","","","","","","","","","","","","","","","yahoo","2025-09-09","68b6e916fe58e8ee9f644ffd","2025-09-02T12:54:46.331000","2025-09-09T08:18:46.551000","service_219ddb3d-6563-48e9-aeba-a0667aa26036","service+219ddb3d-6563-48e9-aeba-a0667aa26036@no-reply.base44.com","false"
"MSFT","2024-12-31","quarterly","69632000000","","","","0","24108000000","","","","","","","","","","","","","","","","","","yahoo","2025-09-09","68b6e915a2d2791a93bc9052","2025-09-02T12:54:45.903000","2025-09-09T08:18:47.003000","service_219ddb3d-6563-48e9-aeba-a0667aa26036","service+219ddb3d-6563-48e9-aeba-a0667aa26036@no-reply.base44.com","false"
"MSFT","2024-09-30","quarterly","65585000000","","","","0","24667000000","","","","","","","","","","","","","","","","","","yahoo","2025-09-09","68b6e9154e404234a1f82a6f","2025-09-02T12:54:45.474000","2025-09-09T08:18:47.293000","service_219ddb3d-6563-48e9-aeba-a0667aa26036","service+219ddb3d-6563-48e9-aeba-a0667aa26036@no-reply.base44.com","false"
"APY","2025-08-31","ttm","","","","","","","","","","","","","","","","","","","","","","","","finnhub","2025-08-31","68b47ba0325494419ce4e4ad","2025-08-31T16:43:12.283000","2025-08-31T16:43:12.283000","service_219ddb3d-6563-48e9-aeba-a0667aa26036","service+219ddb3d-6563-48e9-aeba-a0667aa26036@no-reply.base44.com","false"
"AAPL","2025-08-31","ttm","408625000000","","","","0","99280000000","","","6.59","","","","","","","","","14840399872","","","","","","yahoo","2025-08-31","68b45924f3ae1bdd19602521","2025-08-31T14:16:04.399000","2025-08-31T16:46:20.120000","service_219ddb3d-6563-48e9-aeba-a0667aa26036","service+219ddb3d-6563-48e9-aeba-a0667aa26036@no-reply.base44.com","false"
"ONCY","2025-08-31","ttm","","","","","","","","","","","","","","","","","","","","","","","","finnhub","2025-08-31","68b44ac2ae2522dc179152c1","2025-08-31T13:14:42.314000","2025-08-31T13:15:04.927000","service_219ddb3d-6563-48e9-aeba-a0667aa26036","service+219ddb3d-6563-48e9-aeba-a0667aa26036@no-reply.base44.com","false"
"AAPL","2025-08-31","ttm","","","","","","","","","","","","","","","","","","","","","","","","finnhub","2025-08-31","68b449ac87f0b10976f4a8b4","2025-08-31T13:10:04.015000","2025-08-31T16:43:50.869000","service_219ddb3d-6563-48e9-aeba-a0667aa26036","service+219ddb3d-6563-48e9-aeba-a0667aa26036@no-reply.base44.com","false"
"INTU","2010-07-31 00:00:00","annual","3455000000","","","863000000","","574000000","","61000000","","325000000","5198000000","","2821000000","214000000","","","0","","998000000","74000000","","","135000000","finnhub","2025-08-29","68b17c83ee6567220983aa4c","2025-08-29T10:10:11.107000","2025-08-29T10:10:11.107000","service_219ddb3d-6563-48e9-aeba-a0667aa26036","service+219ddb3d-6563-48e9-aeba-a0667aa26036@no-reply.base44.com","false"
"INTU","2011-07-31 00:00:00","annual","3851000000","","","1007000000","","634000000","","60000000","","317000000","5110000000","","2616000000","722000000","","","0","","1013000000","114000000","","","153000000","finnhub","2025-08-29","68b17c82e0dda5efe9efc29f","2025-08-29T10:10:10.779000","2025-08-29T10:10:10.779000","service_219ddb3d-6563-48e9-aeba-a0667aa26036","service+219ddb3d-6563-48e9-aeba-a0667aa26036@no-reply.base44.com","false"
"INTU","2012-07-31 00:00:00","annual","4151000000","","","1177000000","","792000000","","50000000","","305000000","4684000000","","2744000000","393000000","","","0","","1246000000","135000000","","","169000000","finnhub","2025-08-29","68b17c823343896a8f5689e0","2025-08-29T10:10:10.503000","2025-08-29T10:10:10.503000","service_219ddb3d-6563-48e9-aeba-a0667aa26036","service+219ddb3d-6563-48e9-aeba-a0667aa26036@no-reply.base44.com","false"
"INTU","2013-07-31 00:00:00","annual","4171000000","","","1233000000","","858000000","","30000000","","303000000","5486000000","","3531000000","1009000000","","","0","","1366000000","129000000","","","195000000","finnhub","2025-08-29","68b17c82cad976043bf219b1","2025-08-29T10:10:10.213000","2025-08-29T10:10:10.213000","service_219ddb3d-6563-48e9-aeba-a0667aa26036","service+219ddb3d-6563-48e9-aeba-a0667aa26036@no-reply.base44.com","false"
"INTU","2014-07-31 00:00:00","annual","4506000000","","","1314000000","","907000000","","31000000","","291000000","5201000000","","3078000000","849000000","","","0","","1446000000","104000000","","","204000000","finnhub","2025-08-29","68b17c817387bb4415e73f72","2025-08-29T10:10:09.849000","2025-08-29T10:10:09.849000","service_219ddb3d-6563-48e9-aeba-a0667aa26036","service+219ddb3d-6563-48e9-aeba-a0667aa26036@no-reply.base44.com","false"
"INTU","2015-07-31 00:00:00","annual","4192000000","","","738000000","","365000000","","27000000","","286000000","4968000000","","2332000000","808000000","","","0","","1504000000","142000000","","","257000000","finnhub","2025-08-29","68b17c813a5330cb8027c099","2025-08-29T10:10:09.222000","2025-08-29T10:10:09.222000","service_219ddb3d-6563-48e9-aeba-a0667aa26036","service+219ddb3d-6563-48e9-aeba-a0667aa26036@no-reply.base44.com","false"
"INTU","2016-07-31 00:00:00","annual","4694000000","","","1242000000","","979000000","","35000000","","265000000","4250000000","","1161000000","638000000","","","488000000","","1401000000","416000000","","","281000000","finnhub","2025-08-29","68b17c803343896a8f5689d6","2025-08-29T10:10:08.904000","2025-08-29T10:10:08.904000","service_219ddb3d-6563-48e9-aeba-a0667aa26036","service+219ddb3d-6563-48e9-aeba-a0667aa26036@no-reply.base44.com","false"
"INTU","2017-07-31 00:00:00","annual","5177000000","","","1395000000","","971000000","","31000000","","261000000","4068000000","","1354000000","529000000","","","438000000","","1599000000","102000000","","","326000000","finnhub","2025-08-29","68b17c8083bbab8e6640038d","2025-08-29T10:10:08.593000","2025-08-29T10:10:08.593000","service_219ddb3d-6563-48e9-aeba-a0667aa26036","service+219ddb3d-6563-48e9-aeba-a0667aa26036@no-reply.base44.com","false"
"INTU","2018-07-31 00:00:00","annual","5964000000","","","1497000000","","1211000000","","20000000","","261000000","5178000000","","2354000000","1464000000","","","388000000","","2112000000","38000000","","","382000000","finnhub","2025-08-29","68b17c8083bbab8e66400386","2025-08-29T10:10:08.241000","2025-08-29T10:10:08.241000","service_219ddb3d-6563-48e9-aeba-a0667aa26036","service+219ddb3d-6563-48e9-aeba-a0667aa26036@no-reply.base44.com","false"
"INTU","2019-07-31 00:00:00","annual","6784000000","","","1854000000","","1557000000","","15000000","","264000000","6283000000","","3749000000","2116000000","","","386000000","","2324000000","76000000","","","401000000","finnhub","2025-08-29","68b17c7feaf6af0b3fb1afd1","2025-08-29T10:10:07.891000","2025-08-29T10:10:07.891000","service_219ddb3d-6563-48e9-aeba-a0667aa26036","service+219ddb3d-6563-48e9-aeba-a0667aa26036@no-reply.base44.com","false"
"INTU","2020-07-31 00:00:00","annual","7679000000","","","2176000000","","1826000000","","14000000","","264000000","10931000000","","5106000000","6442000000","","","2031000000","","2414000000","59000000","","","435000000","finnhub","2025-08-29","68b17c7f32e4ca3c12b938da","2025-08-29T10:10:07.582000","2025-08-29T10:10:07.582000","service_219ddb3d-6563-48e9-aeba-a0667aa26036","service+219ddb3d-6563-48e9-aeba-a0667aa26036@no-reply.base44.com","false"
"INTU","2021-07-31 00:00:00","annual","9633000000","","","2500000000","","2062000000","","29000000","","273000000","15516000000","","9869000000","2562000000","","","2034000000","","3250000000","53000000","","","753000000","finnhub","2025-08-29","68b17c7f05eaf67c5e957ed5","2025-08-29T10:10:07.253000","2025-08-29T10:10:07.253000","service_219ddb3d-6563-48e9-aeba-a0667aa26036","service+219ddb3d-6563-48e9-aeba-a0667aa26036@no-reply.base44.com","false"
"INTU","2022-07-31 00:00:00","annual","12726000000","","","2571000000","","2066000000","","81000000","","284000000","27734000000","","16441000000","2796000000","","","6914000000","","3889000000","157000000","","","1308000000","finnhub","2025-08-29","68b17c7e255685714d5eb7b3","2025-08-29T10:10:06.978000","2025-08-29T10:10:06.978000","service_219ddb3d-6563-48e9-aeba-a0667aa26036","service+219ddb3d-6563-48e9-aeba-a0667aa26036@no-reply.base44.com","false"
"INTU","2023-07-31 00:00:00","annual","14368000000","","","3141000000","","2384000000","","248000000","","283000000","27780000000","","17269000000","2848000000","","","6120000000","","5046000000","210000000","","","1712000000","finnhub","2025-08-29","68b17c7ef5fe3be48d3db372","2025-08-29T10:10:06.662000","2025-08-29T10:10:06.662000","service_219ddb3d-6563-48e9-aeba-a0667aa26036","service+219ddb3d-6563-48e9-aeba-a0667aa26036@no-reply.base44.com","false"
"INTU","2024-07-31 00:00:00","annual","16285000000","","","3630000000","","2963000000","","242000000","","284000000","32132000000","","18436000000","3609000000","","","6038000000","","4884000000","191000000","","","1940000000","finnhub","2025-08-29","68b17c7ecad976043bf21980","2025-08-29T10:10:06.384000","2025-08-29T10:10:06.384000","service_219ddb3d-6563-48e9-aeba-a0667aa26036","service+219ddb3d-6563-48e9-aeba-a0667aa26036@no-reply.base44.com","false"
"NVDA","2014-01-26 00:00:00","annual","4130162000","","","496227000","","439990000","","10443000","","594517000","7250894000","","4456398000","1151587000","","","1356375000","","835146000","","","","136295000","finnhub","2025-08-28","68b09a0707c7dc2feff07366","2025-08-28T18:03:51.306000","2025-08-28T18:03:51.306000","service_219ddb3d-6563-48e9-aeba-a0667aa26036","service+219ddb3d-6563-48e9-aeba-a0667aa26036@no-reply.base44.com","false"
"NVDA","2015-01-25 00:00:00","annual","4681507000","","","758989000","","630587000","","46133000","","563068000","7201368000","","4417982000","496654000","","","1384342000","","905656000","","","","157841000","finnhub","2025-08-28","68b09a069e0eaf7025398d6f","2025-08-28T18:03:50.972000","2025-08-28T18:03:50.972000","service_219ddb3d-6563-48e9-aeba-a0667aa26036","service+219ddb3d-6563-48e9-aeba-a0667aa26036@no-reply.base44.com","false"
"NVDA","2016-01-31 00:00:00","annual","5010000000","","","747000000","","614000000","","47000000","","569000000","7370000000","","4469000000","596000000","","","0","","1175000000","","","","204000000","finnhub","2025-08-28","68b09a06fb958ec2a3f34d18","2025-08-28T18:03:50.588000","2025-08-28T18:03:50.588000","service_219ddb3d-6563-48e9-aeba-a0667aa26036","service+219ddb3d-6563-48e9-aeba-a0667aa26036@no-reply.base44.com","false"
"NVDA","2017-01-29 00:00:00","annual","6910000000","","","1934000000","","1666000000","","58000000","","649000000","9841000000","","5762000000","1766000000","","","1983000000","","1672000000","","","","247000000","finnhub","2025-08-28","68b09a068ddfd35544a85b0f","2025-08-28T18:03:50.185000","2025-08-28T18:03:50.185000","service_219ddb3d-6563-48e9-aeba-a0667aa26036","service+219ddb3d-6563-48e9-aeba-a0667aa26036@no-reply.base44.com","false"
"NVDA","2018-01-28 00:00:00","annual","9714000000","","","3210000000","","3047000000","","61000000","","632000000","11241000000","","7471000000","4002000000","","","1985000000","","3502000000","","","","391000000","finnhub","2025-08-28","68b09a052e1f11169de67533","2025-08-28T18:03:49.777000","2025-08-28T18:03:49.777000","service_219ddb3d-6563-48e9-aeba-a0667aa26036","service+219ddb3d-6563-48e9-aeba-a0667aa26036@no-reply.base44.com","false"
"NVDA","2019-01-27 00:00:00","annual","11716000000","","","3804000000","","4141000000","","58000000","","625000000","13292000000","","9342000000","782000000","","","1988000000","","3743000000","","","","557000000","finnhub","2025-08-28","68b09a057eee3dd205f57155","2025-08-28T18:03:49.309000","2025-08-28T18:03:49.309000","service_219ddb3d-6563-48e9-aeba-a0667aa26036","service+219ddb3d-6563-48e9-aeba-a0667aa26036@no-reply.base44.com","false"
"NVDA","2020-01-26 00:00:00","annual","10918000000","","","2846000000","","2796000000","","52000000","","618000000","17315000000","","12204000000","10896000000","","","1991000000","","4761000000","","","","844000000","finnhub","2025-08-28","68b09a033cfcd7b737ad6b98","2025-08-28T18:03:47.969000","2025-08-28T18:03:47.969000","service_219ddb3d-6563-48e9-aeba-a0667aa26036","service+219ddb3d-6563-48e9-aeba-a0667aa26036@no-reply.base44.com","false"
"NVDA","2021-01-31 00:00:00","annual","16675000000","","","4532000000","","4332000000","","184000000","","628000000","28791000000","","16893000000","847000000","","","5964000000","","5822000000","","","","1397000000","finnhub","2025-08-28","68b09a02816414565000cff5","2025-08-28T18:03:46.755000","2025-08-28T18:03:46.755000","service_219ddb3d-6563-48e9-aeba-a0667aa26036","service+219ddb3d-6563-48e9-aeba-a0667aa26036@no-reply.base44.com","false"
"NVDA","2022-01-30 00:00:00","annual","26914000000","","","10041000000","","9752000000","","236000000","","2535000000","44187000000","","26612000000","1990000000","","","10946000000","","9108000000","","","1174000000","2004000000","finnhub","2025-08-28","68b09a00cd6fbc8540f9a255","2025-08-28T18:03:44.896000","2025-08-28T18:03:44.896000","service_219ddb3d-6563-48e9-aeba-a0667aa26036","service+219ddb3d-6563-48e9-aeba-a0667aa26036@no-reply.base44.com","false"
"NVDA","2023-01-29 00:00:00","annual","26974000000","","","4224000000","","4368000000","","262000000","","2507000000","41182000000","","22101000000","3389000000","","","9703000000","","5641000000","","","1544000000","2709000000","finnhub","2025-08-28","68b099ff20785ff8af9e8d5a","2025-08-28T18:03:43.299000","2025-08-28T18:03:43.299000","service_219ddb3d-6563-48e9-aeba-a0667aa26036","service+219ddb3d-6563-48e9-aeba-a0667aa26036@no-reply.base44.com","false"
"NVDA","2024-01-28 00:00:00","annual","60922000000","","","32972000000","","29760000000","","257000000","","2494000000","65728000000","","42978000000","7280000000","","","8459000000","","28090000000","","","1508000000","3549000000","finnhub","2025-08-28","68b099fecb8e2fd2c9769d60","2025-08-28T18:03:42.077000","2025-08-28T18:03:42.077000","service_219ddb3d-6563-48e9-aeba-a0667aa26036","service+219ddb3d-6563-48e9-aeba-a0667aa26036@no-reply.base44.com","false"
"NVDA","2025-01-26 00:00:00","annual","130497000000","","","81453000000","","72880000000","","","","24804000000","111601000000","","79327000000","8589000000","","","8463000000","","64089000000","","","1864000000","4737000000","finnhub","2025-08-28","68b099fd9e0eaf7025398d2a","2025-08-28T18:03:41.603000","2025-08-28T18:03:41.603000","service_219ddb3d-6563-48e9-aeba-a0667aa26036","service+219ddb3d-6563-48e9-aeba-a0667aa26036@no-reply.base44.com","false"
"AAPL","2025-06-30","ttm","","","","","","","","","","","","","","","","","0","14840399872","","","","","","yahoo_ttm_q","2025-08-23","68a8becf9a85ca1471a820a1","2025-08-22T19:02:39.923000","2025-08-24T15:23:10.163000","689b401d1bb2cbab644a66ac","gzimm88@gmail.com","false"
"AAPL","2024-09-30","quarterly","94930000000","0","0","","0","14736000000","","","","","","","","","","","0","","","","","","","yahoo","2025-09-02","68a88a2b581899450a7c1cbd","2025-08-22T15:18:03.088000","2025-09-02T16:53:36.385000","689b401d1bb2cbab644a66ac","gzimm88@gmail.com","false"
"AAPL","2025-03-31","quarterly","95359000000","0","0","","0","24780000000","","","","","","","","","","","0","","","","","","","yahoo","2025-09-02","68a88a2b581899450a7c1cbb","2025-08-22T15:18:03.088000","2025-09-02T16:53:37.027000","689b401d1bb2cbab644a66ac","gzimm88@gmail.com","false"
"AAPL","2024-12-31","quarterly","124300000000","0","0","","0","36330000000","","","","","","","","","","","0","","","","","","","yahoo","2025-09-02","68a88a2b581899450a7c1cbc","2025-08-22T15:18:03.088000","2025-09-02T16:53:36.711000","689b401d1bb2cbab644a66ac","gzimm88@gmail.com","false"
"AAPL","2025-06-30","quarterly","94036000000","0","0","","0","23434000000","","","","","","","","","","","0","","","","","","","yahoo","2025-09-02","68a88a2b581899450a7c1cba","2025-08-22T15:18:03.088000","2025-09-02T16:53:37.383000","689b401d1bb2cbab644a66ac","gzimm88@gmail.com","false"
"AAPL","","annual","","","","","18385000000","","","","","","","","","11261000000","","","","","18595000000","","","","","finnhub","2025-08-21","68a708b3b4bd92133d236057","2025-08-21T11:53:23.137000","2025-08-21T11:53:23.137000","689b401d1bb2cbab644a66ac","gzimm88@gmail.com","false"
"AAPL","","annual","","","","","33790000000","","","","","","","","","9815000000","","","","","37529000000","","","","","finnhub","2025-08-21","68a708b2233a7c1d867b4c64","2025-08-21T11:53:22.763000","2025-08-21T11:53:22.763000","689b401d1bb2cbab644a66ac","gzimm88@gmail.com","false"
"AAPL","","annual","","","","","55241000000","","","","","","","","","10746000000","","","","","50856000000","","","","","finnhub","2025-08-21","68a708b2b4bd92133d236050","2025-08-21T11:53:22.436000","2025-08-21T11:53:22.436000","689b401d1bb2cbab644a66ac","gzimm88@gmail.com","false"
"AAPL","","annual","","","","","48999000000","","","","","","","","","14259000000","","","","","53666000000","","","","","finnhub","2025-08-21","68a708b2233a7c1d867b4c58","2025-08-21T11:53:22.100000","2025-08-21T11:53:22.100000","689b401d1bb2cbab644a66ac","gzimm88@gmail.com","false"
"AAPL","","annual","","","","","52503000000","","","","","","","","","13844000000","","","","","","","","","","finnhub","2025-08-21","68a708b1226e9bdd5d22dd33","2025-08-21T11:53:21.706000","2025-08-21T11:53:21.706000","689b401d1bb2cbab644a66ac","gzimm88@gmail.com","false"
"AAPL","","annual","","","","","71230000000","","","","","","","","","21120000000","","","","","","","","","","finnhub","2025-08-21","68a708b19704d53bdc561616","2025-08-21T11:53:21.406000","2025-08-21T11:53:21.406000","689b401d1bb2cbab644a66ac","gzimm88@gmail.com","false"
"AAPL","","annual","","","","","60024000000","","","","","","","","","20484000000","","","","","","","","","","finnhub","2025-08-21","68a708b1233a7c1d867b4c46","2025-08-21T11:53:21.060000","2025-08-21T11:53:21.060000","689b401d1bb2cbab644a66ac","gzimm88@gmail.com","false"
"AAPL","","annual","","","","","61344000000","","","","","","","","","20289000000","","","","","63598000000","","51147000000","","","finnhub","2025-08-21","68a708b0e80e71ef80bb6eef","2025-08-21T11:53:20.709000","2025-08-21T11:53:20.709000","689b401d1bb2cbab644a66ac","gzimm88@gmail.com","false"
"AAPL","","annual","265595000000","","","","70898000000","","","","","","","","","25913000000","","","","","77434000000","","64121000000","","","finnhub","2025-08-21","68a708b0eaf2e1c856c0043b","2025-08-21T11:53:20.365000","2025-08-21T11:53:20.365000","689b401d1bb2cbab644a66ac","gzimm88@gmail.com","false"
"AAPL","","annual","260174000000","","","","63930000000","","","","","","","","","48844000000","","","","","69391000000","","58896000000","","","finnhub","2025-08-21","68a708b09704d53bdc561606","2025-08-21T11:53:20.005000","2025-08-21T11:53:20.005000","689b401d1bb2cbab644a66ac","gzimm88@gmail.com","false"
"AAPL","","annual","274515000000","","","","66288000000","","","","","","","","","38016000000","","","","","80674000000","","73365000000","","","finnhub","2025-08-21","68a708af06998bcb2c0e26fe","2025-08-21T11:53:19.724000","2025-08-21T11:53:19.724000","689b401d1bb2cbab644a66ac","gzimm88@gmail.com","false"
"AAPL","","annual","365817000000","","","","108949000000","","","","","","","","","34940000000","","","","","104038000000","","92953000000","","","finnhub","2025-08-21","68a708af6c072cf2775262c7","2025-08-21T11:53:19.388000","2025-08-21T11:53:19.388000","689b401d1bb2cbab644a66ac","gzimm88@gmail.com","false"
"AAPL","","annual","394328000000","","","","119437000000","","","","","","","","","23646000000","","","","","122151000000","","111443000000","","","finnhub","2025-08-21","68a708afeaf2e1c856c00430","2025-08-21T11:53:19.001000","2025-08-21T11:53:19.001000","689b401d1bb2cbab644a66ac","gzimm88@gmail.com","false"
"AAPL","","annual","383285000000","","","","114301000000","","","","","","","","","29965000000","","","","","110543000000","","99584000000","","","finnhub","2025-08-21","68a708aebd439895f8bdc03e","2025-08-21T11:53:18.713000","2025-08-21T11:53:18.713000","689b401d1bb2cbab644a66ac","gzimm88@gmail.com","false"
"AAPL","","annual","391035000000","","","","123216000000","","","","","","","","","29943000000","","","","","118254000000","","108807000000","","","finnhub","2025-08-21","68a708ae5ab9b374fbf2bb4d","2025-08-21T11:53:18.414000","2025-08-21T11:53:18.414000","689b401d1bb2cbab644a66ac","gzimm88@gmail.com","false"